Unnamed: 0,D,t,m,P,A,Av,I,i,Wel,Wpl,IT,WT
,[mm],[mm],[kg/m],[m],[mm2],[mm2],[mm4],[mm],[mm3],[mm3],[mm4],[mm3]
CHS21.3x2.3,21.3,2.3,1.08,67.0,137.0,87.0,6286.0,6.8,590.1999999999999,834.4,12570.0,1180.0
CHS21.3x2.6,21.3,2.6,1.2,67.0,153.0,97.0,6806.0,6.7,639.0,915.1,13610.0,1278.0
CHS21.3x3.2,21.3,3.2,1.43,67.0,182.0,116.0,7684.0,6.5,721.5,1059.0,15370.0,1443.0
CHS26.9x2.3,26.9,2.3,1.4,85.0,178.0,113.0,13560.0,8.7,1008.0,1396.0,27130.0,2017.0
CHS26.9x2.6,26.9,2.6,1.56,85.0,198.0,126.0,14820.0,8.6,1102.0,1541.0,29640.0,2203.0
CHS26.9x3.2,26.9,3.2,1.87,85.0,238.0,152.0,17030.0,8.5,1266.0,1808.0,34070.0,2533.0
CHS33.7x2.6,33.7,2.6,1.99,106.0,254.0,162.0,30930.0,11.0,1835.0,2521.0,61850.0,3671.0
CHS33.7x3.2,33.7,3.2,2.41,106.0,307.0,195.0,36050.0,10.8,2139.0,2988.0,72090.0,4279.0
CHS33.7x4,33.7,4.0,2.93,106.0,373.0,238.0,41900.0,10.6,2487.0,3550.0,83800.0,4973.0
CHS42.4x2.6,42.4,2.6,2.55,133.0,325.0,207.0,64640.0,14.1,3049.0,4124.0,129300.00000000001,6099.0
CHS42.4x3.2,42.4,3.2,3.09,133.0,394.0,251.0,76200.0,13.9,3594.0,4928.0,152400.0,7189.0
CHS42.4x4,42.4,4.0,3.79,133.0,483.0,307.0,89910.0,13.6,4241.0,5920.0,179800.0,8482.0
CHS48.3x2.6,48.3,2.6,2.93,152.0,373.0,238.0,97770.0,16.2,4048.0,5436.0,195500.0,8096.999999999999
CHS48.3x3.2,48.3,3.2,3.56,152.0,453.0,289.0,115900.0,16.0,4797.0,6520.0,231700.0,9595.0
CHS48.3x4,48.3,4.0,4.37,152.0,557.0,354.0,137700.0,15.7,5701.0,7871.0,275400.0,11400.0
CHS48.3x5,48.3,5.0,5.34,152.0,680.0,433.0,161500.0,15.4,6689.0,9416.0,323100.0,13380.0
CHS60.3x2.6,60.3,2.6,3.7,189.0,471.0,300.0,196500.0,20.4,6519.0,8662.0,393100.0,13040.0
CHS60.3x3.2,60.3,3.2,4.51,189.0,574.0,365.0,234700.0,20.2,7784.0,10440.0,469400.0,15570.0
CHS60.3x4,60.3,4.0,5.55,189.0,707.0,450.0,281700.0,20.0,9344.0,12700.0,563500.0,18690.0
CHS60.3x5,60.3,5.0,6.82,189.0,869.0,553.0,334800.0,19.6,11100.0,15330.0,669500.0,22210.0
CHS76.1x2.6,76.1,2.6,4.71,239.0,600.0,382.0,405900.0,26.0,10670.0,14050.0,811800.0,21340.0
CHS76.1x3.2,76.1,3.2,5.75,239.0,733.0,467.0,487800.0,25.8,12820.0,17020.0,975600.0,25640.0
CHS76.1x4,76.1,4.0,7.11,239.0,906.0,577.0,590600.0,25.5,15520.0,20810.0,1181000.0,31040.0
CHS76.1x5,76.1,5.0,8.77,239.0,1117.0,711.0,709200.0,25.2,18640.0,25320.0,1418000.0,37280.0
CHS88.9x3.2,88.9,3.2,6.76,279.0,862.0,548.0,792100.0,30.3,17820.0,23510.0,1584000.0,35640.0
CHS88.9x4,88.9,4.0,8.38,279.0,1067.0,679.0,963400.0,30.0,21670.0,28850.0,1927000.0,43350.0
CHS88.9x5,88.9,5.0,10.3,279.0,1318.0,839.0,1164000.0,29.7,26180.0,35240.0,2327000.0,52360.0
CHS88.9x6.3,88.9,6.3,12.8,279.0,1635.0,1041.0,1402000.0,29.3,31550.0,43070.0,2805000.0,63100.0
CHS101.6x3.2,101.6,3.2,7.77,319.0,989.0,630.0,1199000.0,34.8,23590.0,31000.0,2397000.0,47190.0
CHS101.6x4,101.6,4.0,9.63,319.0,1226.0,781.0,1463000.0,34.5,28800.0,38120.0,2926000.0,57590.0
CHS101.6x5,101.6,5.0,11.9,319.0,1517.0,966.0,1775000.0,34.2,34930.0,46700.0,3549000.0,69870.0
CHS101.6x6.3,101.6,6.3,14.8,319.0,1886.0,1201.0,2151000.0,33.8,42340.0,57300.0,4301000.0,84670.0
CHS101.6x8,101.6,8.0,18.5,319.0,2352.0,1498.0,2595000.0,33.2,51080.0,70260.0,5190000.0,102200.0
CHS101.6x10,101.6,10.0,22.6,319.0,2878.0,1832.0,3054000.0,32.6,60120.0,84240.0,6108000.0,120200.0
CHS114.3x3.2,114.3,3.2,8.77,359.0,1117.0,711.0,1725000.0,39.3,30180.0,39510.0,3449000.0,60360.0
CHS114.3x4,114.3,4.0,10.9,359.0,1386.0,882.0,2111000.0,39.0,36930.0,48690.0,4221000.0,73860.0
CHS114.3x5,114.3,5.0,13.5,359.0,1717.0,1093.0,2569000.0,38.7,44960.0,59770.0,5138000.0,89910.0
CHS114.3x6.3,114.3,6.3,16.8,359.0,2138.0,1361.0,3127000.0,38.2,54720.0,73570.0,6254000.0,109400.0
CHS114.3x8,114.3,8.0,21.0,359.0,2672.0,1701.0,3795000.0,37.7,66400.0,90570.0,7590000.0,132800.0
CHS114.3x10,114.3,10.0,25.7,359.0,3277.0,2086.0,4497000.0,37.0,78680.0,109100.0,8993000.0,157400.0
CHS139.7x4,139.7,4.0,13.4,439.0,1705.0,1086.0,3929000.0,48.0,56240.0,73680.0,7857000.0,112500.0
CHS139.7x5,139.7,5.0,16.6,439.0,2116.0,1347.0,4805000.0,47.7,68800.0,90760.0,9611000.0,137600.0
CHS139.7x6.3,139.7,6.3,20.7,439.0,2640.0,1681.0,5886000.0,47.2,84270.0,112200.0,11770000.0,168500.0
CHS139.7x8,139.7,8.0,26.0,439.0,3310.0,2107.0,7203000.0,46.6,103100.0,138900.0,14410000.0,206200.0
CHS139.7x10,139.7,10.0,32.0,439.0,4075.0,2594.0,8619000.0,46.0,123400.0,168600.0,17240000.0,246800.0
CHS139.7x12.5,139.7,12.5,39.2,439.0,4995.0,3180.0,10200000.0,45.2,146000.0,202900.0,20400000.0,292100.0
CHS168.3x4,168.3,4.0,16.2,529.0,2065.0,1314.0,6971000.0,58.1,82840.0,108000.0,13940000.0,165700.0
CHS168.3x5,168.3,5.0,20.1,529.0,2565.0,1633.0,8558000.0,57.8,101700.0,133400.0,17120000.0,203400.0
CHS168.3x6.3,168.3,6.3,25.2,529.0,3206.0,2041.0,10530000.0,57.3,125200.0,165400.0,21070000.0,250400.0
CHS168.3x8,168.3,8.0,31.6,529.0,4029.0,2565.0,12970000.0,56.7,154200.0,205700.0,25950000.0,308300.0
CHS168.3x10,168.3,10.0,39.0,529.0,4973.0,3166.0,15640000.0,56.1,185900.0,250900.0,31280000.0,371700.0
CHS168.3x12.5,168.3,12.5,48.0,529.0,6118.0,3895.0,18680000.0,55.3,222000.0,304100.0,37370000.0,444100.0
CHS177.8x5,177.8,5.0,21.3,559.0,2714.0,1728.0,10140000.0,61.1,114100.0,149300.0,20280000.0,228100.0
CHS177.8x6.3,177.8,6.3,26.6,559.0,3394.0,2161.0,12500000.0,60.7,140600.0,185400.0,24990000.0,281100.0
CHS177.8x8,177.8,8.0,33.5,559.0,4268.0,2717.0,15410000.0,60.1,173400.0,230800.0,30830000.0,346800.0
CHS177.8x10,177.8,10.0,41.4,559.0,5272.0,3356.0,18620000.0,59.4,209400.0,281900.0,37240000.0,418900.0
CHS177.8x12.5,177.8,12.5,51.0,559.0,6491.0,4132.0,22300000.0,58.6,250800.0,342200.0,44600000.0,501600.0
CHS193.7x5,193.7,5.0,23.3,609.0,2964.0,1887.0,13200000.0,66.7,136300.0,178100.0,26400000.0,272600.0
CHS193.7x6.3,193.7,6.3,29.1,609.0,3709.0,2361.0,16300000.0,66.3,168300.0,221300.0,32600000.0,336600.0
CHS193.7x8,193.7,8.0,36.6,609.0,4667.0,2971.0,20160000.0,65.7,208100.0,276000.0,40310000.0,416200.0
CHS193.7x10,193.7,10.0,45.3,609.0,5771.0,3674.0,24420000.0,65.0,252100.0,337800.0,48830000.0,504200.0
CHS193.7x12.5,193.7,12.5,55.9,609.0,7116.0,4530.0,29340000.0,64.2,303000.0,411100.0,58690000.0,605900.0
CHS193.7x14.2,193.7,14.2,62.9,609.0,8008.0,5098.0,32450000.000000004,63.7,335100.0,458500.0,64910000.0,670200.0
CHS193.7x16,193.7,16.0,70.1,609.0,8932.0,5686.0,35540000.0,63.1,367000.0,506600.0,71090000.0,734000.0
CHS219.1x5,219.1,5.0,26.4,688.0,3363.0,2141.0,19280000.0,75.7,176000.0,229200.0,38560000.0,352000.0
CHS219.1x6.3,219.1,6.3,33.1,688.0,4212.0,2681.0,23860000.0,75.3,217800.0,285400.0,47720000.0,435600.0
CHS219.1x8,219.1,8.0,41.6,688.0,5306.0,3378.0,29600000.0,74.7,270200.0,356700.0,59190000.0,540300.0
CHS219.1x10,219.1,10.0,51.6,688.0,6569.0,4182.0,35980000.0,74.0,328500.0,437600.0,71970000.0,656900.0
CHS219.1x12.5,219.1,12.5,63.7,688.0,8113.0,5165.0,43450000.0,73.2,396600.0,534200.0,86890000.0,793200.0
CHS219.1x14.2,219.1,14.2,71.8,688.0,9141.0,5819.0,48200000.0,72.6,440000.0,597100.0,96400000.0,880000.0
CHS219.1x16,219.1,16.0,80.1,688.0,10209.0,6499.0,52970000.0,72.0,483500.0,661400.0,105900000.0,967000.0
CHS219.1x20,219.1,20.0,98.2,688.0,12510.0,7964.0,62610000.0,70.7,571500.0,795500.0,125200000.0,1143000.0
CHS244.5x5,244.5,5.0,29.5,768.0,3762.0,2395.0,26990000.0,84.7,220700.0,286800.0,53970000.0,441500.0
CHS244.5x6.3,244.5,6.3,37.0,768.0,4714.0,3001.0,33460000.0,84.2,273700.0,357500.0,66920000.0,547400.0
CHS244.5x8,244.5,8.0,46.7,768.0,5944.0,3784.0,41600000.0,83.7,340300.0,447600.0,83210000.0,680600.0
CHS244.5x10,244.5,10.0,57.8,768.0,7367.0,4690.0,50730000.0,83.0,415000.0,550200.0,101500000.0,830000.0
CHS244.5x12.5,244.5,12.5,71.5,768.0,9111.0,5800.0,61470000.0,82.1,502900.0,673500.0,122900000.0,1006000.0
CHS244.5x14.2,244.5,14.2,80.6,768.0,10274.0,6541.0,68370000.0,81.6,559300.0,754100.0,136700000.0,1119000.0
CHS244.5x16,244.5,16.0,90.2,768.0,11486.0,7312.0,75330000.0,81.0,616200.0,836800.0,150700000.0,1232000.0
CHS244.5x20,244.5,20.0,110.7,768.0,14106.0,8980.0,89570000.0,79.7,732700.0,1011000.0,179100000.0,1465000.0
CHS244.5x25,244.5,25.0,135.3,768.0,17239.0,10975.0,105200000.0,78.1,860300.0,1210000.0,210300000.0,1721000.0
CHS273x5,273.0,5.0,33.0,858.0,4210.0,2680.0,37810000.0,94.8,277000.0,359200.0,75620000.0,554000.0
CHS273x6.3,273.0,6.3,41.4,858.0,5279.0,3360.0,46960000.0,94.3,344000.0,448200.0,93920000.0,688000.0
CHS273x8,273.0,8.0,52.3,858.0,6660.0,4240.0,58520000.0,93.7,428700.0,562000.0,117000000.0,857400.0
CHS273x10,273.0,10.0,64.9,858.0,8262.0,5260.0,71540000.0,93.1,524100.0,692000.0,143100000.0,1048000.0
CHS273x12.5,273.0,12.5,80.3,858.0,10230.0,6512.0,86970000.0,92.2,637200.0,848900.0,173900000.0,1274000.0
CHS273x14.2,273.0,14.2,90.6,858.0,11545.0,7350.0,96950000.0,91.6,710300.0,952000.0,193900000.0,1421000.0
CHS273x16,273.0,16.0,101.4,858.0,12918.0,8224.0,107100000.0,91.0,784400.0,1058000.0,214100000.0,1569000.0
CHS273x20,273.0,20.0,124.8,858.0,15896.0,10120.0,128000000.0,89.7,937600.0,1283000.0,256000000.0,1875000.0
CHS273x25,273.0,25.0,152.9,858.0,19478.0,12400.0,151300000.0,88.1,1108000.0,1543000.0,302500000.0,2216000.0
CHS323.9x5,323.9,5.0,39.3,1018.0,5009.0,3189.0,63690000.0,112.8,393300.0,508500.0,127400000.0,786600.0
CHS323.9x6.3,323.9,6.3,49.3,1018.0,6286.0,4002.0,79290000.0,112.3,489600.0,635600.0,158600000.0,979200.0
CHS323.9x8,323.9,8.0,62.3,1018.0,7939.0,5054.0,99100000.0,111.7,611900.0,798500.0,198200000.0,1224000.0
CHS323.9x10,323.9,10.0,77.4,1018.0,9861.0,6278.0,121600000.0,111.0,750700.0,985700.0,243200000.0,1501000.0
CHS323.9x12.5,323.9,12.5,96.0,1018.0,12229.0,7785.0,148500000.0,110.2,916700.0,1213000.0,296900000.0,1833000.0
CHS323.9x14.2,323.9,14.2,108.5,1018.0,13816.0,8795.0,166000000.0,109.6,1025000.0,1363000.0,332000000.0,2050000.0
CHS323.9x16,323.9,16.0,121.5,1018.0,15477.0,9853.0,183900000.0,109.0,1136000.0,1518000.0,367800000.0,2271000.0
CHS323.9x20,323.9,20.0,149.9,1018.0,19095.0,12156.0,221400000.0,107.7,1367000.0,1850000.0,442800000.0,2734000.0
CHS323.9x25,323.9,25.0,184.3,1018.0,23476.0,14945.0,264000000.0,106.0,1630000.0,2239000.0,528000000.0,3260000.0
CHS355.6x6.3,355.6,6.3,54.3,1117.0,6913.0,4401.0,105500000.0,123.5,593200.0,768700.0,210900000.0,1186000.0
CHS355.6x8,355.6,8.0,68.6,1117.0,8736.0,5562.0,132000000.0,122.9,742500.0,966800.0,264000000.0,1485000.0
CHS355.6x10,355.6,10.0,85.2,1117.0,10857.0,6912.0,162200000.0,122.2,912500.0,1195000.0,324500000.0,1825000.0
CHS355.6x12.5,355.6,12.5,105.8,1117.0,13474.0,8578.0,198500000.0,121.4,1117000.0,1472000.0,397000000.0,2233000.0
CHS355.6x14.2,355.6,14.2,119.6,1117.0,15230.0,9696.0,222300000.0,120.8,1250000.0,1656000.0,444500000.0,2500000.0
CHS355.6x16,355.6,16.0,134.0,1117.0,17070.0,10867.0,246600000.0,120.2,1387000.0,1847000.0,493300000.0,2774000.0
CHS355.6x20,355.6,20.0,165.5,1117.0,21086.0,13424.0,297900000.0,118.9,1676000.0,2255000.0,595800000.0,3351000.0
CHS355.6x25,355.6,25.0,203.8,1117.0,25965.0,16530.0,356800000.0,117.2,2007000.0,2738000.0,713500000.0,4013000.0
CHS406.4x6.3,406.4,6.3,62.2,1277.0,7919.0,5041.0,158500000.0,141.5,780000.0,1009000.0,317000000.0,1560000.0
CHS406.4x8,406.4,8.0,78.6,1277.0,10013.0,6374.0,198700000.0,140.9,978000.0,1270000.0,397500000.0,1956000.0
CHS406.4x10,406.4,10.0,97.8,1277.0,12453.0,7928.0,244800000.0,140.2,1205000.0,1572000.0,489500000.0,2409000.0
CHS406.4x12.5,406.4,12.5,121.4,1277.0,15468.0,9848.0,300300000.0,139.3,1478000.0,1940000.0,600600000.0,2956000.0
CHS406.4x14.2,406.4,14.2,137.3,1277.0,17496.0,11138.0,336900000.0,138.8,1658000.0,2185000.0,673700000.0,3315000.0
CHS406.4x16,406.4,16.0,154.0,1277.0,19624.0,12493.0,374500000.0,138.1,1843000.0,2440000.0,749000000.0,3686000.0
CHS406.4x20,406.4,20.0,190.6,1277.0,24278.0,15456.0,454300000.0,136.8,2236000.0,2989000.0,908600000.0,4472000.0
CHS406.4x25,406.4,25.0,235.1,1277.0,29955.0,19070.0,547000000.0,135.1,2692000.0,3642000.0,1094000000.0,5384000.0
CHS406.4x30,406.4,30.0,278.5,1277.0,35475.0,22584.0,632200000.0,133.5,3111000.0,4259000.0,1264000000.0,6223000.0
CHS406.4x40,406.4,40.0,361.4,1277.0,46043.0,29312.0,781900000.0,130.3,3848000.0,5391000.0,1564000000.0,7696000.0
CHS457x6.3,457.0,6.3,70.0,1436.0,8920.0,5679.0,226500000.0,159.4,991400.0,1280000.0,453100000.0,1983000.0
CHS457x8,457.0,8.0,88.6,1436.0,11285.0,7184.0,284500000.0,158.8,1245000.0,1613000.0,568900000.0,2490000.0
CHS457x10,457.0,10.0,110.2,1436.0,14043.0,8940.0,350900000.0,158.1,1536000.0,1998000.0,701800000.0,3071000.0
CHS457x12.5,457.0,12.5,137.0,1436.0,17455.0,11112.0,431400000.0,157.2,1888000.0,2470000.0,862900000.0,3776000.0
CHS457x14.2,457.0,14.2,155.1,1436.0,19754.0,12576.0,484600000.0,156.6,2121000.0,2785000.0,969300000.0,4242000.0
CHS457x16,457.0,16.0,174.0,1436.0,22167.0,14112.0,539600000.0,156.0,2361000.0,3113000.0,1079000000.0,4723000.0
CHS457x20,457.0,20.0,215.5,1436.0,27458.0,17480.0,656800000.0,154.7,2874000.0,3822000.0,1314000000.0,5749000.0
CHS457x25,457.0,25.0,266.3,1436.0,33929.0,21600.0,794200000.0,153.0,3475000.0,4671000.0,1588000000.0,6951000.0
CHS457x30,457.0,30.0,315.9,1436.0,40244.0,25620.0,921700000.0,151.3,4034000.0,5479000.0,1843000000.0,8068000.0
CHS457x40,457.0,40.0,411.4,1436.0,52402.0,33360.0,1149000000.0,148.1,5031000.0,6977000.0,2299000000.0,10060000.0
CHS508x6.3,508.0,6.3,77.9,1596.0,9930.0,6321.0,312500000.0,177.4,1230000.0,1586000.0,624900000.0,2460000.0
CHS508x8,508.0,8.0,98.6,1596.0,12566.0,8000.0,392800000.0,176.8,1546000.0,2000000.0,785600000.0,3093000.0
CHS508x10,508.0,10.0,122.8,1596.0,15645.0,9960.0,485200000.0,176.1,1910000.0,2480000.0,970400000.0,3820000.0
CHS508x12.5,508.0,12.5,152.7,1596.0,19458.0,12388.0,597600000.0,175.2,2353000.0,3070000.0,1195000000.0,4705000.0
CHS508x14.2,508.0,14.2,172.9,1596.0,22029.0,14024.0,672000000.0,174.7,2646000.0,3463000.0,1344000000.0,5291000.0
CHS508x16,508.0,16.0,194.1,1596.0,24731.0,15744.0,749100000.0,174.0,2949000.0,3874000.0,1498000000.0,5898000.0
CHS508x20,508.0,20.0,240.7,1596.0,30662.0,19520.0,914300000.0,172.7,3600000.0,4766000.0,1829000000.0,7199000.0
CHS508x25,508.0,25.0,297.8,1596.0,37935.0,24150.0,1109000000.0,171.0,4367000.0,5837000.0,2218000000.0,8734000.0
CHS508x30,508.0,30.0,353.6,1596.0,45050.0,28680.0,1292000000.0,169.3,5086000.0,6864000.0,2583000000.0,10170000.0
CHS508x40,508.0,40.0,461.7,1596.0,58811.0,37440.0,1622000000.0,166.1,6385000.0,8782000.0,3244000000.0,12770000.0
CHS508x50,508.0,50.0,564.7,1596.0,71942.0,45800.0,1909000000.0,162.9,7515000.0,10530000.0,3818000000.0,15030000.0
CHS610x6.3,610.0,6.3,93.8,1916.0,11948.0,7607.0,544400000.0,213.5,1785000.0,2296000.0,1089000000.0,3570000.0
CHS610x8,610.0,8.0,118.8,1916.0,15130.0,9632.0,685500000.0,212.9,2248000.0,2899000.0,1371000000.0,4495000.0
CHS610x10,610.0,10.0,148.0,1916.0,18850.0,12000.0,848500000.0,212.2,2782000.0,3600000.0,1697000000.0,5564000.0
CHS610x12.5,610.0,12.5,184.2,1916.0,23464.0,14938.0,1048000000.0,211.3,3435000.0,4463000.0,2095000000.0,6869000.0
CHS610x14.2,610.0,14.2,208.6,1916.0,26579.0,16921.0,1180000000.0,210.7,3869000.0,5042000.0,2360000000.0,7738000.0
CHS610x16,610.0,16.0,234.4,1916.0,29858.0,19008.0,1318000000.0,210.1,4321000.0,5647000.0,2636000000.0,8641000.0
CHS610x20,610.0,20.0,291.0,1916.0,37071.0,23600.0,1615000000.0,208.7,5295000.0,6965000.0,3230000000.0,10590000.0
CHS610x25,610.0,25.0,360.7,1916.0,45946.0,29250.0,1969000000.0,207.0,6456000.0,8561000.0,3938000000.0,12910000.0
CHS610x30,610.0,30.0,429.1,1916.0,54664.0,34800.0,2305000000.0,205.3,7557000.0,10100000.0,4610000000.0,15110000.0
CHS610x40,610.0,40.0,562.3,1916.0,71628.0,45600.0,2923000000.0,202.0,9585000.0,13020000.0,5847000000.0,19170000.0
CHS610x50,610.0,50.0,690.5,1916.0,87965.0,56000.0,3476000000.0,198.8,11400000.0,15720000.0,6951000000.0,22790000.0
CHS711x6.3,711.0,6.3,109.5,2234.0,13947.0,8879.0,865900000.0,249.2,2436000.0,3129000.0,1732000000.0,4871000.0
CHS711x8,711.0,8.0,138.7,2234.0,17668.0,11248.0,1092000000.0,248.6,3071000.0,3954000.0,2183000000.0,6141000.0
CHS711x10,711.0,10.0,172.9,2234.0,22023.0,14020.0,1353000000.0,247.9,3806000.0,4914000.0,2706000000.0,7612000.0
CHS711x12.5,711.0,12.5,215.3,2234.0,27430.0,17462.0,1673000000.0,247.0,4707000.0,6099000.0,3347000000.0,9415000.0
CHS711x14.2,711.0,14.2,244.0,2234.0,31085.0,19789.0,1887000000.0,246.4,5309000.0,6895000.0,3775000000.0,10620000.0
CHS711x16,711.0,16.0,274.2,2234.0,34935.0,22240.0,2110000000.0,245.8,5936000.0,7730000.0,4221000000.0,11870000.0
CHS711x20,711.0,20.0,340.8,2234.0,43417.0,27640.0,2594000000.0,244.4,7295000.0,9552000.0,5187000000.0,14590000.0
CHS711x25,711.0,25.0,422.9,2234.0,53878.0,34300.0,3174000000.0,242.7,8927000.0,11770000.0,6347000000.0,17850000.0
CHS711x30,711.0,30.0,503.8,2234.0,64183.0,40860.0,3728000000.0,241.0,10490000.0,13920000.0,7456000000.0,20970000.0
CHS711x40,711.0,40.0,661.9,2234.0,84320.0,53680.0,4762000000.0,237.7,13400000.0,18030000.0,9525000000.0,26790000.0
CHS711x50,711.0,50.0,815.1,2234.0,103830.0,66100.0,5703000000.0,234.4,16040000.0,21890000.0,11410000000.0,32090000.0
CHS711x60,711.0,60.0,963.3,2234.0,122711.0,78120.0,6556000000.0,231.1,18440000.0,25500000.0,13110000000.0,36880000.0
CHS762x6.3,762.0,6.3,117.4,2394.0,14957.0,9522.0,1068000000.0,267.2,2803000.0,3598000.0,2136000000.0,5605000.0
CHS762x8,762.0,8.0,148.8,2394.0,18950.0,12064.0,1347000000.0,266.6,3535000.0,4548000.0,2694000000.0,7070000.0
CHS762x10,762.0,10.0,185.5,2394.0,23625.0,15040.0,1670000000.0,265.9,4384000.0,5655000.0,3341000000.0,8768000.0
CHS762x12.5,762.0,12.5,231.0,2394.0,29433.0,18738.0,2067000000.0,265.0,5426000.0,7023000.0,4135000000.0,10850000.0
CHS762x14.2,762.0,14.2,261.9,2394.0,33360.0,21238.0,2333000000.0,264.4,6123000.0,7942000.0,4665000000.0,12250000.0
CHS762x16,762.0,16.0,294.4,2394.0,37498.0,23872.0,2610000000.0,263.8,6850000.0,8906000.0,5219000000.0,13700000.0
CHS762x20,762.0,20.0,366.0,2394.0,46621.0,29680.0,3211000000.0,262.4,8427000.0,11010000.0,6422000000.0,16850000.0
CHS762x25,762.0,25.0,454.4,2394.0,57884.0,36850.0,3935000000.0,260.7,10330000.0,13580000.0,7869000000.0,20650000.0
CHS762x30,762.0,30.0,541.6,2394.0,68989.0,43920.0,4629000000.0,259.0,12150000.0,16080000.0,9257000000.0,24300000.0
CHS762x40,762.0,40.0,712.2,2394.0,90729.0,57760.0,5930000000.0,255.7,15560000.0,20870000.0,11860000000.0,31130000.0
CHS762x50,762.0,50.0,877.9,2394.0,111841.0,71200.0,7122000000.0,252.3,18690000.0,25390000.0,14240000000.0,37390000.0
CHS813x8,813.0,8.0,158.8,2554.0,20232.0,12880.0,1639000000.0,284.6,4032000.0,5184000.0,3278000000.0,8064000.0
CHS813x10,813.0,10.0,198.0,2554.0,25227.0,16060.0,2034000000.0,283.9,5003000.0,6448000.0,4067000000.0,10010000.0
CHS813x12.5,813.0,12.5,246.8,2554.0,31436.0,20012.0,2519000000.0,283.1,6196000.0,8011000.0,5037000000.0,12390000.0
CHS813x14.2,813.0,14.2,279.7,2554.0,35635.0,22686.0,2843000000.0,282.5,6994000.0,9062000.0,5686000000.0,13990000.0
CHS813x16,813.0,16.0,314.5,2554.0,40062.0,25504.0,3182000000.0,281.8,7828000.0,10160000.0,6364000000.0,15660000.0
CHS813x20,813.0,20.0,391.1,2554.0,49826.0,31720.0,3919000000.0,280.5,9641000.0,12580000.0,7838000000.0,19280000.0
CHS813x25,813.0,25.0,485.8,2554.0,61889.0,39400.0,4809000000.0,278.7,11830000.0,15530000.0,9617000000.0,23660000.0
CHS813x30,813.0,30.0,579.3,2554.0,73796.0,46980.0,5664000000.0,277.0,13930000.0,18400000.0,11330000000.0,27870000.0
CHS914x8,914.0,8.0,178.7,2871.0,22770.0,14496.0,2337000000.0,320.3,5113000.0,6567000.0,4673000000.0,10230000.0
CHS914x10,914.0,10.0,222.9,2871.0,28400.0,18080.0,2901000000.0,319.6,6349000.0,8172000.0,5803000000.0,12700000.0
CHS914x12.5,914.0,12.5,277.9,2871.0,35402.0,22538.0,3597000000.0,318.8,7871000.0,10160000.0,7194000000.0,15740000.0
CHS914x14.2,914.0,14.2,315.1,2871.0,40141.0,25554.0,4063000000.0,318.2,8892000.0,11500000.0,8127000000.0,17780000.0
CHS914x16,914.0,16.0,354.3,2871.0,45138.0,28736.0,4551000000.0,317.5,9959000.0,12900000.0,9103000000.0,19920000.0
CHS914x20,914.0,20.0,440.9,2871.0,56172.0,35760.0,5615000000.0,316.2,12290000.0,15990000.0,11230000000.0,24570000.0
CHS914x25,914.0,25.0,548.1,2871.0,69822.0,44450.0,6903000000.0,314.4,15110000.0,19760000.0,13810000000.0,30210000.0
CHS914x30,914.0,30.0,654.0,2871.0,83315.0,53040.0,8148000000.0,312.7,17830000.0,23450000.0,16300000000.0,35660000.0
CHS1016x8,1016.0,8.0,198.9,3192.0,25334.0,16128.0,3218000000.0,356.4,6334000.0,8129000.0,6436000000.0,12670000.0
CHS1016x10,1016.0,10.0,248.1,3192.0,31604.0,20120.0,3998000000.0,355.7,7871000.0,10120000.0,7997000000.0,15740000.0
CHS1016x12.5,1016.0,12.5,309.3,3192.0,39407.0,25088.0,4961000000.0,354.8,9766000.0,12590000.0,9922000000.0,19530000.0
CHS1016x14.2,1016.0,14.2,350.8,3192.0,44691.0,28451.0,5608000000.0,354.2,11040000.0,14250000.0,11220000000.0,22080000.0
CHS1016x16,1016.0,16.0,394.6,3192.0,50265.0,32000.0,6285000000.0,353.6,12370000.0,16000000.0,12570000000.0,24740000.0
CHS1016x20,1016.0,20.0,491.3,3192.0,62581.0,39840.0,7763000000.0,352.2,15280000.0,19840000.0,15530000000.0,30560000.0
CHS1016x25,1016.0,25.0,611.0,3192.0,77833.0,49550.0,9561000000.0,350.5,18820000.0,24560000.0,19120000000.0,37640000.0
CHS1016x30,1016.0,30.0,729.5,3192.0,92928.0,59160.0,11300000000.0,348.8,22250000.0,29170000.0,22610000000.0,44500000.0
CHS1067x10,1067.0,10.0,260.7,3352.0,33207.0,21140.0,4638000000.0,373.7,8693000.0,11170000.0,9276000000.0,17390000.0
CHS1067x12.5,1067.0,12.5,325.1,3352.0,41410.0,26362.0,5757000000.0,372.8,10790000.0,13900000.0,11510000000.0,21580000.0
CHS1067x14.2,1067.0,14.2,368.7,3352.0,46966.0,29900.0,6508000000.0,372.3,12200000.0,15740000.0,13020000000.0,24400000.0
CHS1067x16,1067.0,16.0,414.7,3352.0,52829.0,33632.0,7296000000.0,371.6,13680000.0,17670000.0,14590000000.0,27350000.0
CHS1067x20,1067.0,20.0,516.4,3352.0,65785.0,41880.0,9018000000.0,370.2,16900000.0,21930000.0,18040000000.0,33810000.0
CHS1067x25,1067.0,25.0,642.4,3352.0,81838.0,52100.0,11110000000.0,368.5,20830000.0,27150000.0,22230000000.0,41660000.0
CHS1067x30,1067.0,30.0,767.2,3352.0,97735.0,62220.0,13150000000.0,366.8,24650000.0,32270000.0,26300000000.0,49290000.0
CHS1168x10,1168.0,10.0,285.6,3669.0,36380.0,23160.0,6098000000.0,409.4,10440000.0,13410000.0,12200000000.0,20890000.0
CHS1168x12.5,1168.0,12.5,356.2,3669.0,45376.0,28888.0,7574000000.0,408.6,12970000.0,16690000.0,15150000000.0,25940000.0
CHS1168x14.2,1168.0,14.2,404.1,3669.0,51472.0,32768.0,8567000000.0,408.0,14670000.0,18900000.0,17130000000.0,29340000.0
CHS1168x16,1168.0,16.0,454.6,3669.0,57906.0,36864.0,9608000000.0,407.3,16450000.0,21240000.0,19220000000.0,32900000.0
CHS1168x20,1168.0,20.0,566.2,3669.0,72131.0,45920.0,11890000000.0,405.9,20350000.0,26360000.0,23770000000.0,40710000.0
CHS1168x25,1168.0,25.0,704.7,3669.0,89771.0,57150.0,14670000000.0,404.2,25120000.0,32670000.0,29330000000.0,50230000.0
CHS1219x10,1219.0,10.0,298.2,3830.0,37982.0,24180.0,6940000000.0,427.5,11390000.0,14620000.0,13880000000.0,22770000.0
CHS1219x12.5,1219.0,12.5,371.9,3830.0,47379.0,30162.0,8622000000.0,426.6,14150000.0,18200000.0,17240000000.0,28290000.0
CHS1219x14.2,1219.0,14.2,421.9,3830.0,53747.0,34216.0,9753000000.0,426.0,16000000.0,20610000.0,19510000000.0,32000000.0
CHS1219x16,1219.0,16.0,474.7,3830.0,60469.0,38496.0,10940000000.0,425.4,17950000.0,23160000.0,21880000000.0,35900000.0
CHS1219x20,1219.0,20.0,591.4,3830.0,75335.0,47960.0,13540000000.0,424.0,22220000.0,28750000.0,27080000000.0,44430000.0
CHS1219x25,1219.0,25.0,736.1,3830.0,93777.0,59700.0,16720000000.0,422.2,27430000.0,35650000.0,33440000000.0,54860000.0
